--
-- PostgreSQL database dump
--

-- Dumped from database version 16.1
-- Dumped by pg_dump version 16.1

SET statement_timeout = 0;
SET lock_timeout = 0;
SET idle_in_transaction_session_timeout = 0;
SET client_encoding = 'UTF8';
SET standard_conforming_strings = on;
SELECT pg_catalog.set_config('search_path', '', false);
SET check_function_bodies = false;
SET xmloption = content;
SET client_min_messages = warning;
SET row_security = off;

SET default_tablespace = '';

SET default_table_access_method = heap;

--
-- Name: courses; Type: TABLE; Schema: public; Owner: postgres
--

CREATE TABLE public.courses (
    id integer NOT NULL,
    name character varying(255) NOT NULL,
    price integer DEFAULT 0,
    created_at timestamp without time zone DEFAULT now(),
    updated_at timestamp without time zone DEFAULT now(),
    status boolean DEFAULT false
);


ALTER TABLE public.courses OWNER TO postgres;

--
-- Name: courses_id_seq; Type: SEQUENCE; Schema: public; Owner: postgres
--

ALTER TABLE public.courses ALTER COLUMN id ADD GENERATED BY DEFAULT AS IDENTITY (
    SEQUENCE NAME public.courses_id_seq
    START WITH 1
    INCREMENT BY 1
    NO MINVALUE
    NO MAXVALUE
    CACHE 1
);


--
-- Name: customers; Type: TABLE; Schema: public; Owner: postgres
--

CREATE TABLE public.customers (
    id integer NOT NULL,
    order_id integer,
    name character(50),
    email character varying(100),
    create_at timestamp with time zone DEFAULT now(),
    update_at timestamp with time zone DEFAULT now()
);


ALTER TABLE public.customers OWNER TO postgres;

--
-- Name: orders; Type: TABLE; Schema: public; Owner: postgres
--

CREATE TABLE public.orders (
    id integer NOT NULL,
    user_id integer,
    total integer DEFAULT 0,
    create_at timestamp with time zone DEFAULT now(),
    update_at timestamp with time zone DEFAULT now()
);


ALTER TABLE public.orders OWNER TO postgres;

--
-- Name: phones; Type: TABLE; Schema: public; Owner: postgres
--

CREATE TABLE public.phones (
    id integer NOT NULL,
    phone character varying(50) NOT NULL,
    user_id integer,
    created_at timestamp without time zone DEFAULT now(),
    updated_at timestamp without time zone DEFAULT now()
);


ALTER TABLE public.phones OWNER TO postgres;

--
-- Name: phones_id_seq; Type: SEQUENCE; Schema: public; Owner: postgres
--

ALTER TABLE public.phones ALTER COLUMN id ADD GENERATED BY DEFAULT AS IDENTITY (
    SEQUENCE NAME public.phones_id_seq
    START WITH 1
    INCREMENT BY 1
    NO MINVALUE
    NO MAXVALUE
    CACHE 1
);


--
-- Name: posts; Type: TABLE; Schema: public; Owner: postgres
--

CREATE TABLE public.posts (
    id integer NOT NULL,
    title character varying(255) NOT NULL,
    content text NOT NULL,
    user_id integer,
    created_at timestamp without time zone DEFAULT now(),
    updated_at timestamp without time zone DEFAULT now()
);


ALTER TABLE public.posts OWNER TO postgres;

--
-- Name: posts_id_seq; Type: SEQUENCE; Schema: public; Owner: postgres
--

ALTER TABLE public.posts ALTER COLUMN id ADD GENERATED BY DEFAULT AS IDENTITY (
    SEQUENCE NAME public.posts_id_seq
    START WITH 1
    INCREMENT BY 1
    NO MINVALUE
    NO MAXVALUE
    CACHE 1
);


--
-- Name: users; Type: TABLE; Schema: public; Owner: postgres
--

CREATE TABLE public.users (
    id integer NOT NULL,
    name character varying(50) NOT NULL,
    email character varying(100) NOT NULL,
    password character varying(100) NOT NULL,
    status boolean DEFAULT false,
    created_at timestamp without time zone DEFAULT now(),
    updated_at timestamp without time zone DEFAULT now()
);


ALTER TABLE public.users OWNER TO postgres;

--
-- Name: users_courses; Type: TABLE; Schema: public; Owner: postgres
--

CREATE TABLE public.users_courses (
    id integer NOT NULL,
    user_id integer,
    course_id integer,
    created_at timestamp without time zone,
    updated_at timestamp without time zone
);


ALTER TABLE public.users_courses OWNER TO postgres;

--
-- Name: users_id_seq; Type: SEQUENCE; Schema: public; Owner: postgres
--

ALTER TABLE public.users ALTER COLUMN id ADD GENERATED BY DEFAULT AS IDENTITY (
    SEQUENCE NAME public.users_id_seq
    START WITH 1
    INCREMENT BY 1
    NO MINVALUE
    NO MAXVALUE
    CACHE 1
);


--
-- Data for Name: courses; Type: TABLE DATA; Schema: public; Owner: postgres
--

COPY public.courses (id, name, price, created_at, updated_at, status) FROM stdin;
2	js plus	777	2023-12-23 21:51:52.741661	2024-01-05 17:09:03.754446	f
17	js cho người mới	45555	2024-01-05 18:11:38.194735	2024-01-05 18:11:38.194735	f
\.


--
-- Data for Name: customers; Type: TABLE DATA; Schema: public; Owner: postgres
--

COPY public.customers (id, order_id, name, email, create_at, update_at) FROM stdin;
1	1	User 1                                            	user1@gmail.com	2023-12-26 22:05:29.438756+07	2023-12-26 22:05:29.438756+07
2	2	User 3                                            	user2@gmail.com	2023-12-26 22:06:18.349711+07	2023-12-26 22:06:18.349711+07
3	3	User 4                                            	user4@gmail.com	2023-12-26 22:08:29.956502+07	2023-12-26 22:08:29.956502+07
\.


--
-- Data for Name: orders; Type: TABLE DATA; Schema: public; Owner: postgres
--

COPY public.orders (id, user_id, total, create_at, update_at) FROM stdin;
2	2	3000	2023-12-26 21:56:19.370859+07	2023-12-26 21:56:19.370859+07
3	1	3300	2023-12-26 21:56:36.593313+07	2023-12-26 21:56:36.593313+07
1	\N	1000	2023-12-26 21:56:00.255316+07	2023-12-26 21:56:00.255316+07
\.


--
-- Data for Name: phones; Type: TABLE DATA; Schema: public; Owner: postgres
--

COPY public.phones (id, phone, user_id, created_at, updated_at) FROM stdin;
1	098324234	1	2023-12-23 20:33:32.835211	2023-12-23 20:33:32.835211
\.


--
-- Data for Name: posts; Type: TABLE DATA; Schema: public; Owner: postgres
--

COPY public.posts (id, title, content, user_id, created_at, updated_at) FROM stdin;
1	abcd\n	day la abcd\n	1	2023-12-23 20:34:30.555608	2023-12-23 20:34:30.555608
2	123	day la 123	2	2023-12-23 21:42:11.832059	2023-12-23 21:42:11.832059
3	ok	ok day	3	2023-12-23 21:48:16.164631	2023-12-23 21:48:16.164631
4	post 123213	content 3123	2	2023-12-26 20:09:53.930221	2023-12-26 20:09:53.930221
5	post 11	content 11	1	2023-12-26 20:09:53.930221	2023-12-26 20:09:53.930221
\.


--
-- Data for Name: users; Type: TABLE DATA; Schema: public; Owner: postgres
--

COPY public.users (id, name, email, password, status, created_at, updated_at) FROM stdin;
1	User 1	user1@gmail.com	123	f	2023-12-23 20:32:23.218944	2023-12-23 20:32:23.218944
3	User 3	user3@gmail.com	1122	f	2023-12-23 20:47:00.741798	2023-12-23 20:47:00.741798
2	User 2	user2@gmail.com	1234	t	2023-12-23 20:46:24.585769	2023-12-23 20:46:24.585769
\.


--
-- Data for Name: users_courses; Type: TABLE DATA; Schema: public; Owner: postgres
--

COPY public.users_courses (id, user_id, course_id, created_at, updated_at) FROM stdin;
\.


--
-- Name: courses_id_seq; Type: SEQUENCE SET; Schema: public; Owner: postgres
--

SELECT pg_catalog.setval('public.courses_id_seq', 17, true);


--
-- Name: phones_id_seq; Type: SEQUENCE SET; Schema: public; Owner: postgres
--

SELECT pg_catalog.setval('public.phones_id_seq', 1, true);


--
-- Name: posts_id_seq; Type: SEQUENCE SET; Schema: public; Owner: postgres
--

SELECT pg_catalog.setval('public.posts_id_seq', 5, true);


--
-- Name: users_id_seq; Type: SEQUENCE SET; Schema: public; Owner: postgres
--

SELECT pg_catalog.setval('public.users_id_seq', 4, true);


--
-- Name: courses courses_pkey; Type: CONSTRAINT; Schema: public; Owner: postgres
--

ALTER TABLE ONLY public.courses
    ADD CONSTRAINT courses_pkey PRIMARY KEY (id);


--
-- Name: customers customers_pkey; Type: CONSTRAINT; Schema: public; Owner: postgres
--

ALTER TABLE ONLY public.customers
    ADD CONSTRAINT customers_pkey PRIMARY KEY (id);


--
-- Name: orders orders_pkey; Type: CONSTRAINT; Schema: public; Owner: postgres
--

ALTER TABLE ONLY public.orders
    ADD CONSTRAINT orders_pkey PRIMARY KEY (id);


--
-- Name: phones phones_phone_key; Type: CONSTRAINT; Schema: public; Owner: postgres
--

ALTER TABLE ONLY public.phones
    ADD CONSTRAINT phones_phone_key UNIQUE (phone);


--
-- Name: phones phones_pkey; Type: CONSTRAINT; Schema: public; Owner: postgres
--

ALTER TABLE ONLY public.phones
    ADD CONSTRAINT phones_pkey PRIMARY KEY (id);


--
-- Name: posts posts_pkey; Type: CONSTRAINT; Schema: public; Owner: postgres
--

ALTER TABLE ONLY public.posts
    ADD CONSTRAINT posts_pkey PRIMARY KEY (id);


--
-- Name: users users_pkey; Type: CONSTRAINT; Schema: public; Owner: postgres
--

ALTER TABLE ONLY public.users
    ADD CONSTRAINT users_pkey PRIMARY KEY (id);


--
-- Name: customers customers_order_id_foreign; Type: FK CONSTRAINT; Schema: public; Owner: postgres
--

ALTER TABLE ONLY public.customers
    ADD CONSTRAINT customers_order_id_foreign FOREIGN KEY (order_id) REFERENCES public.orders(id);


--
-- Name: orders orders_user_id_foreign; Type: FK CONSTRAINT; Schema: public; Owner: postgres
--

ALTER TABLE ONLY public.orders
    ADD CONSTRAINT orders_user_id_foreign FOREIGN KEY (user_id) REFERENCES public.users(id) ON DELETE SET NULL NOT VALID;


--
-- Name: phones phones_user_id_fkey; Type: FK CONSTRAINT; Schema: public; Owner: postgres
--

ALTER TABLE ONLY public.phones
    ADD CONSTRAINT phones_user_id_fkey FOREIGN KEY (user_id) REFERENCES public.users(id);


--
-- Name: posts posts_user_id_fkey; Type: FK CONSTRAINT; Schema: public; Owner: postgres
--

ALTER TABLE ONLY public.posts
    ADD CONSTRAINT posts_user_id_fkey FOREIGN KEY (user_id) REFERENCES public.users(id);


--
-- PostgreSQL database dump complete
--

